Fund Name,P1,P2,P3,P4,Topsis Score,Rank
M1,0.67,0.45,6.5,42.6,0.2214732963918321,5
M2,0.6,0.36,3.5,53.3,0.4769558798137881,3
M3,0.82,0.67,3.8,63.1,0.9414420609380003,1
M4,0.55,0.4,5.1,48.9,0.29010405105994513,4
M5,0.71,0.52,4.2,51.7,0.6007423640118253,2
